user_id,preferred_categorie_ids,preferred_marque_ids
1,"[18, 10, 19]","[9, 20, 2, 14, 4]"
2,"[3, 7, 9, 1]","[13, 5, 7]"
3,"[20, 13, 8, 4, 2]","[5, 12, 1]"
4,"[9, 17, 12, 20]","[14, 18, 15]"
5,"[8, 15, 10]","[19, 10, 20]"
6,"[7, 15, 8]","[17, 4, 11, 1, 13]"
7,"[3, 17, 16, 5, 13]","[10, 7, 17]"
8,"[12, 16, 18]","[1, 5, 14, 4]"
9,"[3, 20, 4, 9, 14]","[11, 20, 15]"
10,"[9, 16, 2, 3, 8]","[11, 8, 18]"
11,"[4, 13, 6]","[13, 15, 10, 7, 8]"
12,"[15, 18, 11]","[7, 12, 14, 20, 4]"
13,"[13, 4, 12]","[20, 12, 18, 2]"
14,"[16, 20, 10]","[15, 10, 16, 18]"
15,"[5, 19, 18]","[2, 10, 13, 20, 11]"
16,"[9, 12, 19]","[3, 10, 6]"
17,"[14, 3, 19]","[2, 14, 18, 1]"
18,"[4, 20, 19, 8]","[14, 7, 4, 11, 18]"
19,"[6, 1, 20]","[2, 11, 9]"
20,"[11, 9, 6]","[15, 3, 12, 4]"
21,"[20, 16, 12, 4]","[6, 2, 20, 11, 14]"
22,"[17, 20, 2, 19, 7]","[7, 5, 13, 19]"
23,"[13, 14, 6]","[10, 17, 2, 9, 3]"
24,"[20, 8, 19]","[14, 9, 11]"
25,"[18, 4, 7, 15]","[9, 15, 3, 12]"
26,"[13, 11, 7, 20]","[6, 14, 10, 17]"
27,"[10, 9, 11]","[4, 15, 6]"
28,"[9, 4, 18, 16, 5]","[18, 11, 14, 17]"
29,"[18, 4, 12]","[17, 6, 16, 11, 18]"
30,"[15, 6, 5, 12, 13]","[13, 9, 4, 2, 5]"
31,"[1, 12, 11, 20, 8]","[5, 16, 7]"
32,"[17, 16, 15, 4, 14]","[2, 16, 7]"
33,"[1, 14, 3]","[6, 8, 16, 12, 13]"
34,"[18, 12, 2, 5]","[9, 20, 17, 5]"
35,"[17, 4, 13, 6]","[4, 8, 9]"
36,"[2, 7, 11, 18, 12]","[18, 6, 14, 20]"
37,"[16, 14, 9, 17]","[20, 1, 3, 11, 4]"
38,"[16, 20, 14]","[15, 9, 11]"
39,"[10, 11, 2, 15]","[15, 10, 7]"
40,"[14, 17, 11]","[20, 19, 14]"
41,"[11, 6, 8, 17]","[17, 7, 12, 15, 6]"
42,"[1, 13, 18]","[13, 7, 10, 6]"
43,"[17, 16, 7, 13]","[17, 18, 2, 4]"
44,"[1, 19, 10, 15]","[16, 15, 7, 6, 11]"
45,"[18, 10, 5, 11]","[11, 7, 15, 8, 10]"
46,"[19, 11, 13, 5, 15]","[15, 8, 18]"
47,"[2, 1, 10, 15]","[19, 8, 16, 7]"
48,"[15, 6, 19, 20, 10]","[16, 17, 8, 15]"
49,"[15, 5, 2, 17]","[20, 3, 13, 16]"
50,"[17, 9, 15, 8, 20]","[5, 11, 4, 3, 12]"
51,"[6, 13, 17, 19, 4]","[12, 1, 9, 11]"
52,"[9, 13, 12, 4, 8]","[9, 14, 8, 6]"
53,"[20, 4, 6, 12]","[18, 15, 3, 17, 20]"
54,"[10, 8, 20, 12, 17]","[1, 11, 5]"
55,"[3, 2, 10, 19]","[10, 3, 13, 12]"
56,"[17, 20, 9, 3, 15]","[9, 12, 6, 15, 2]"
57,"[8, 3, 7, 4]","[20, 3, 4]"
58,"[11, 3, 14, 8, 1]","[9, 17, 3, 11, 20]"
59,"[2, 3, 6, 17]","[14, 6, 9]"
60,"[1, 3, 7]","[3, 13, 2]"
61,"[10, 13, 6, 5]","[3, 9, 5, 11]"
62,"[17, 9, 20]","[4, 3, 18, 11]"
63,"[1, 14, 6, 15]","[8, 19, 2]"
64,"[13, 18, 8, 20]","[4, 6, 13, 7, 15]"
65,"[12, 7, 19]","[15, 2, 7]"
66,"[8, 4, 17, 7, 10]","[12, 16, 8, 20, 10]"
67,"[7, 9, 3]","[8, 4, 7, 13]"
68,"[13, 20, 17]","[12, 5, 19]"
69,"[6, 5, 16]","[16, 19, 12, 5]"
70,"[18, 5, 15, 16]","[1, 17, 19, 3, 2]"
71,"[10, 13, 3, 7, 12]","[15, 2, 17, 4, 1]"
72,"[11, 15, 9, 14]","[8, 18, 14]"
73,"[4, 5, 15]","[12, 7, 6, 8]"
74,"[4, 11, 8]","[2, 19, 8, 5]"
75,"[15, 10, 6, 5, 8]","[1, 16, 15]"
76,"[5, 8, 6, 12]","[14, 18, 3, 16]"
77,"[7, 3, 15, 17, 16]","[17, 7, 16]"
78,"[15, 1, 12, 14]","[13, 15, 11, 12]"
79,"[17, 8, 15]","[12, 13, 9]"
80,"[14, 7, 9]","[17, 5, 19, 7, 6]"
81,"[8, 11, 19, 4, 14]","[15, 13, 3, 6]"
82,"[15, 18, 17]","[16, 2, 14, 10, 8]"
83,"[6, 8, 20, 15, 4]","[14, 11, 3, 19]"
84,"[9, 1, 19]","[7, 6, 1, 18, 2]"
85,"[9, 20, 2]","[10, 13, 15]"
86,"[6, 16, 4, 17]","[4, 8, 19, 1]"
87,"[7, 20, 14]","[15, 7, 2, 11]"
88,"[11, 8, 16, 17, 14]","[20, 4, 2]"
89,"[17, 11, 16, 7, 4]","[10, 2, 11]"
90,"[6, 13, 15, 18, 1]","[11, 6, 16, 7, 4]"
91,"[16, 5, 20, 8, 18]","[14, 5, 20]"
92,"[3, 2, 7]","[16, 20, 1, 6, 8]"
93,"[18, 13, 2, 8, 20]","[14, 16, 9]"
94,"[12, 5, 15, 8]","[7, 2, 16]"
95,"[5, 19, 1, 16]","[1, 8, 16]"
96,"[8, 4, 11, 1]","[16, 20, 18, 2, 15]"
97,"[4, 12, 11, 7, 15]","[14, 4, 3]"
98,"[13, 1, 2]","[17, 3, 6]"
99,"[16, 2, 4, 8]","[3, 19, 9]"
100,"[7, 16, 18]","[17, 15, 3]"
101,"[4, 17, 14]","[11, 20, 18]"
102,"[5, 16, 20, 2, 19]","[13, 3, 2]"
103,"[13, 16, 5, 18, 8]","[8, 14, 5]"
104,"[11, 10, 6, 1]","[6, 5, 19, 20]"
105,"[14, 9, 5, 20]","[13, 4, 20, 15]"
106,"[4, 15, 9, 13]","[3, 14, 8, 18, 9]"
107,"[16, 4, 5]","[3, 13, 8, 18]"
108,"[10, 16, 7, 17, 15]","[17, 13, 1, 6]"
109,"[6, 4, 16, 12]","[13, 4, 14, 20, 12]"
110,"[9, 6, 7, 1, 17]","[2, 8, 11]"
111,"[13, 4, 8, 6, 16]","[18, 1, 10]"
112,"[16, 15, 9, 5]","[10, 13, 7, 1, 3]"
113,"[11, 7, 20, 17]","[4, 2, 9, 6]"
114,"[15, 3, 16]","[9, 16, 19, 11, 18]"
115,"[5, 17, 2, 10]","[10, 1, 2, 9, 17]"
116,"[5, 13, 10, 2, 12]","[8, 14, 5, 3, 9]"
117,"[13, 4, 9]","[7, 12, 5, 11]"
118,"[20, 16, 5]","[18, 19, 6, 20]"
119,"[4, 11, 20]","[9, 2, 13, 17]"
120,"[2, 12, 13, 7]","[1, 15, 5, 4]"
121,"[18, 10, 4]","[10, 7, 2, 15, 6]"
122,"[9, 18, 6, 1]","[12, 2, 15]"
123,"[9, 20, 12, 1, 14]","[14, 6, 17, 4, 1]"
124,"[16, 10, 7, 17]","[9, 15, 5]"
125,"[7, 11, 4, 17]","[17, 12, 4, 10, 5]"
126,"[15, 9, 7]","[6, 14, 16]"
127,"[18, 10, 20, 9, 5]","[12, 4, 3, 7, 16]"
128,"[1, 3, 19]","[7, 17, 19]"
129,"[3, 13, 17, 5, 19]","[7, 18, 17, 13]"
130,"[12, 1, 20, 15, 8]","[8, 9, 14]"
131,"[15, 2, 8, 9]","[14, 5, 16, 9, 19]"
132,"[6, 18, 20, 15, 5]","[13, 2, 8]"
133,"[3, 7, 9, 18, 1]","[20, 19, 13, 5, 11]"
134,"[3, 1, 8, 7, 2]","[10, 4, 17, 13]"
135,"[12, 15, 17, 7]","[7, 11, 16]"
136,"[9, 8, 20]","[17, 8, 12]"
137,"[10, 20, 15, 2, 19]","[17, 7, 5, 18]"
138,"[10, 5, 2, 12, 7]","[4, 10, 13, 12, 20]"
139,"[2, 11, 16, 4]","[12, 6, 2, 3]"
140,"[11, 17, 10, 8, 4]","[16, 15, 8, 3, 20]"
141,"[5, 17, 20]","[20, 11, 10, 13]"
142,"[16, 10, 4, 14, 3]","[8, 3, 12, 7]"
143,"[4, 17, 2]","[2, 17, 14]"
144,"[8, 20, 3, 9, 14]","[5, 7, 12, 14, 13]"
145,"[16, 15, 18, 6]","[8, 9, 2, 4]"
146,"[19, 1, 8]","[16, 3, 5, 18]"
147,"[17, 5, 1, 19, 3]","[11, 5, 2]"
148,"[20, 16, 17, 15]","[6, 18, 19, 5]"
149,"[6, 20, 1]","[4, 7, 1, 12, 2]"
150,"[16, 9, 2, 15, 5]","[11, 10, 20]"
151,"[17, 7, 1, 11, 19]","[18, 5, 13]"
152,"[17, 1, 9, 5]","[17, 7, 8]"
153,"[10, 3, 4, 16]","[9, 16, 6, 13, 2]"
154,"[3, 7, 15, 13]","[11, 9, 12, 14]"
155,"[7, 20, 4]","[5, 17, 12]"
156,"[7, 3, 16, 5, 20]","[18, 17, 9, 12]"
157,"[2, 14, 20, 15, 7]","[8, 12, 19, 18]"
158,"[13, 15, 5]","[7, 4, 14, 6]"
159,"[8, 12, 4, 1, 3]","[18, 7, 10, 15, 6]"
160,"[1, 7, 10, 9, 8]","[17, 15, 4]"
161,"[6, 9, 4]","[12, 11, 4]"
162,"[19, 15, 4]","[19, 5, 12, 8]"
163,"[20, 6, 12]","[13, 11, 16, 18]"
164,"[17, 2, 8, 20]","[12, 1, 6, 5]"
165,"[8, 20, 1, 10, 13]","[19, 11, 13]"
166,"[15, 12, 10, 9, 14]","[11, 20, 6, 14]"
167,"[14, 7, 15, 17]","[11, 13, 8, 5, 12]"
168,"[12, 15, 11]","[16, 20, 9, 10]"
169,"[10, 14, 5]","[8, 19, 14]"
170,"[11, 15, 4]","[6, 10, 8, 9]"
171,"[17, 6, 11, 19]","[7, 12, 5, 15]"
172,"[4, 1, 9, 2]","[12, 2, 1, 4]"
173,"[13, 2, 11, 18]","[17, 13, 12, 20]"
174,"[14, 8, 18]","[3, 8, 17, 5, 16]"
175,"[10, 14, 2, 11]","[17, 2, 4]"
176,"[20, 9, 4, 1, 11]","[11, 15, 16, 19]"
177,"[15, 20, 18, 12, 6]","[11, 4, 12, 10]"
178,"[1, 7, 15]","[8, 4, 10]"
179,"[7, 1, 18]","[16, 19, 10, 1, 8]"
180,"[4, 9, 17, 10]","[7, 20, 3, 17, 4]"
181,"[16, 8, 13, 10]","[3, 13, 15]"
182,"[15, 5, 2, 18]","[11, 4, 20, 9, 5]"
183,"[16, 11, 14, 6]","[4, 19, 8, 3, 12]"
184,"[11, 1, 13, 10]","[9, 18, 19, 6, 5]"
185,"[12, 7, 14]","[7, 5, 4, 11]"
186,"[10, 9, 14, 20]","[19, 5, 7, 11, 13]"
187,"[19, 9, 18, 1]","[4, 2, 8]"
188,"[8, 16, 18, 12]","[7, 2, 1, 16]"
189,"[18, 20, 1, 2]","[8, 20, 16, 10, 11]"
190,"[6, 8, 17, 19, 9]","[3, 15, 2, 17]"
191,"[16, 11, 15, 9, 14]","[14, 9, 13, 3]"
192,"[9, 8, 13]","[7, 1, 8, 3]"
193,"[4, 3, 18, 14, 11]","[6, 10, 7, 9, 8]"
194,"[10, 7, 15]","[11, 5, 18, 20, 17]"
195,"[7, 18, 15, 14]","[9, 13, 12]"
196,"[9, 13, 17, 15, 1]","[7, 19, 5, 12, 16]"
197,"[12, 4, 5, 17, 7]","[5, 13, 9, 16, 17]"
198,"[7, 15, 2, 17, 14]","[18, 4, 10, 15, 9]"
199,"[7, 14, 13, 9]","[4, 9, 15, 7]"
200,"[13, 11, 19, 17, 20]","[4, 15, 17, 12]"
201,"[8, 7, 6]","[10, 20, 9, 1, 19]"
202,"[6, 18, 10, 11]","[16, 10, 2, 18, 19]"
203,"[13, 6, 4, 14, 9]","[13, 16, 14, 5]"
204,"[10, 7, 16, 3, 14]","[19, 12, 1, 13]"
205,"[19, 10, 13, 4, 1]","[4, 17, 10, 8, 14]"
206,"[17, 2, 11, 12]","[14, 2, 17, 15]"
207,"[13, 2, 6, 14, 16]","[5, 14, 6, 9]"
208,"[14, 5, 20, 2, 19]","[7, 17, 8]"
209,"[5, 14, 3]","[10, 17, 11, 19]"
210,"[17, 14, 5, 6, 2]","[6, 1, 13, 4, 18]"
211,"[3, 10, 9]","[8, 1, 7, 10]"
212,"[13, 5, 18, 12]","[6, 12, 17]"
213,"[4, 1, 6]","[9, 2, 15]"
214,"[5, 17, 13]","[11, 17, 15, 14, 16]"
215,"[10, 1, 15, 4, 7]","[15, 10, 9, 17]"
216,"[7, 15, 5, 6, 19]","[15, 1, 19, 11, 5]"
217,"[10, 9, 2, 16]","[19, 5, 17, 2]"
218,"[20, 13, 16, 1, 10]","[19, 9, 1]"
219,"[6, 18, 16, 13, 9]","[13, 1, 18, 4, 9]"
220,"[8, 5, 14]","[18, 5, 2, 10, 14]"
221,"[6, 8, 16, 14]","[6, 2, 10, 16]"
222,"[20, 18, 2, 19]","[5, 1, 12, 9, 15]"
223,"[3, 11, 14]","[1, 13, 12]"
224,"[15, 18, 1, 3]","[9, 20, 5]"
225,"[16, 3, 15, 5, 20]","[13, 19, 11, 8, 2]"
226,"[1, 17, 5, 9, 4]","[9, 13, 3]"
227,"[14, 7, 10]","[16, 1, 11, 20]"
228,"[5, 8, 9, 10]","[15, 10, 9, 6, 8]"
229,"[4, 17, 5]","[12, 13, 5, 7, 15]"
230,"[14, 6, 19, 15, 13]","[11, 1, 16, 18]"
231,"[18, 14, 10]","[3, 19, 17]"
232,"[12, 13, 2, 1]","[2, 7, 3, 11, 5]"
233,"[17, 19, 18, 1, 2]","[1, 10, 8, 20]"
234,"[11, 6, 5, 12]","[9, 3, 4, 6, 12]"
235,"[4, 20, 16]","[20, 13, 12]"
236,"[10, 9, 4, 19, 7]","[9, 10, 6]"
237,"[14, 18, 6, 17, 3]","[6, 12, 19]"
238,"[17, 3, 19, 10]","[3, 5, 17, 8, 19]"
239,"[3, 20, 6]","[1, 3, 7]"
240,"[10, 14, 7, 19]","[14, 8, 7, 18, 19]"
241,"[7, 5, 14, 8, 20]","[18, 2, 16, 20]"
242,"[1, 7, 15, 6]","[6, 4, 19, 16, 5]"
243,"[16, 1, 19]","[10, 6, 14, 11, 4]"
244,"[20, 6, 2, 18]","[15, 4, 13, 11]"
245,"[8, 14, 4, 17]","[7, 13, 17, 4, 8]"
246,"[2, 10, 8, 19, 6]","[11, 9, 19, 6]"
247,"[6, 16, 14, 17]","[3, 18, 5, 16, 1]"
248,"[19, 4, 20]","[10, 4, 2]"
249,"[16, 10, 13, 3]","[17, 19, 16, 15, 20]"
250,"[15, 13, 2, 18]","[5, 2, 13, 12]"
251,"[19, 3, 2, 7]","[7, 12, 1]"
252,"[4, 20, 9, 15, 16]","[7, 11, 12]"
253,"[13, 6, 15]","[8, 4, 13]"
254,"[4, 1, 8, 11, 14]","[7, 5, 6, 4, 19]"
255,"[17, 14, 8, 2, 10]","[12, 5, 11, 8, 20]"
256,"[12, 8, 4, 11, 16]","[6, 18, 1, 16]"
257,"[9, 6, 14, 11]","[13, 6, 5]"
258,"[8, 2, 10, 20, 7]","[9, 8, 20]"
259,"[6, 15, 16, 12, 1]","[20, 8, 12, 6]"
260,"[1, 20, 18]","[11, 19, 17, 6, 12]"
261,"[20, 17, 9]","[10, 12, 16, 8, 15]"
262,"[1, 18, 19, 5]","[11, 20, 12, 15, 4]"
263,"[15, 13, 20, 9]","[3, 8, 15, 10]"
264,"[11, 5, 18]","[9, 13, 12, 11]"
265,"[20, 9, 11, 16, 19]","[5, 14, 20, 6]"
266,"[14, 17, 15]","[11, 20, 5, 14]"
267,"[11, 7, 9, 15, 20]","[18, 17, 20, 1]"
268,"[8, 18, 13, 4]","[20, 1, 9, 19, 4]"
269,"[5, 18, 3, 1, 10]","[12, 17, 16, 8]"
270,"[14, 6, 19, 18, 20]","[14, 12, 8, 3, 10]"
271,"[5, 11, 2]","[11, 10, 17]"
272,"[7, 12, 8, 5]","[14, 6, 1, 20]"
273,"[18, 6, 12, 1]","[4, 18, 6]"
274,"[16, 14, 11, 10]","[3, 16, 19, 18]"
275,"[15, 1, 20]","[14, 2, 9, 13, 10]"
276,"[12, 7, 13, 20]","[14, 7, 20, 17]"
277,"[15, 8, 13, 6, 1]","[12, 9, 15]"
278,"[17, 10, 4, 16]","[5, 2, 15]"
279,"[7, 11, 16, 15]","[19, 15, 6, 10, 12]"
280,"[13, 16, 7, 6]","[7, 18, 9, 12]"
281,"[2, 1, 13, 20, 11]","[5, 14, 12, 15]"
282,"[17, 3, 1, 10]","[2, 15, 3, 1]"
283,"[4, 20, 5, 9, 10]","[2, 1, 4, 15]"
284,"[18, 17, 4]","[6, 3, 18, 16, 20]"
285,"[5, 7, 19, 13, 11]","[8, 11, 7, 19, 2]"
286,"[13, 7, 6, 19]","[19, 1, 14]"
287,"[13, 12, 17, 15, 2]","[12, 14, 5, 20, 15]"
288,"[3, 7, 16]","[17, 19, 13]"
289,"[19, 12, 1, 6]","[20, 13, 3]"
290,"[11, 4, 1, 8]","[8, 14, 15, 9, 1]"
291,"[9, 8, 20, 10, 7]","[10, 6, 17, 2, 19]"
292,"[4, 19, 2, 9]","[5, 8, 9]"
293,"[15, 7, 13, 11, 16]","[20, 15, 12, 17]"
294,"[15, 14, 2, 18, 11]","[20, 13, 14, 8]"
295,"[17, 7, 15]","[12, 14, 5]"
296,"[7, 19, 8, 14]","[20, 11, 18, 6, 14]"
297,"[16, 14, 9, 15]","[1, 2, 4, 5, 14]"
298,"[3, 1, 2, 16]","[8, 12, 17, 4, 10]"
299,"[16, 3, 11, 13]","[2, 10, 11, 14]"
300,"[10, 20, 18, 2]","[17, 16, 15, 5, 3]"
301,"[14, 12, 5]","[11, 15, 1, 4]"
302,"[5, 15, 10, 19, 18]","[12, 4, 8]"
303,"[10, 6, 16, 1]","[10, 1, 7]"
304,"[2, 12, 3, 5]","[2, 14, 11, 9]"
305,"[6, 18, 4]","[15, 20, 14, 8]"
306,"[10, 13, 9, 20]","[10, 6, 2, 3]"
307,"[2, 1, 10, 15, 12]","[9, 14, 4, 11, 1]"
308,"[8, 14, 10]","[1, 16, 8, 2, 18]"
309,"[9, 8, 4, 19]","[8, 2, 3, 17]"
310,"[1, 20, 12, 17, 3]","[13, 2, 15, 20, 19]"
311,"[9, 12, 3, 8, 7]","[6, 14, 1]"
312,"[1, 4, 7, 15]","[13, 7, 4, 8, 6]"
313,"[13, 8, 5]","[18, 1, 16, 10]"
314,"[4, 7, 20, 19]","[16, 9, 15, 17, 2]"
315,"[5, 20, 11, 3, 2]","[18, 20, 9]"
316,"[15, 19, 9, 3, 18]","[11, 9, 6]"
317,"[15, 16, 13, 9, 6]","[6, 1, 9]"
318,"[11, 13, 14]","[16, 17, 6, 5, 20]"
319,"[20, 2, 14, 6, 18]","[4, 17, 12, 20, 2]"
320,"[15, 4, 11]","[8, 20, 16]"
321,"[8, 13, 17, 6]","[7, 15, 9, 6, 5]"
322,"[20, 9, 2, 7, 12]","[3, 14, 5, 15]"
323,"[2, 1, 6, 11]","[16, 14, 2, 7, 1]"
324,"[4, 14, 3]","[4, 13, 15, 10]"
325,"[20, 19, 13]","[14, 4, 2]"
326,"[12, 1, 8, 18, 9]","[18, 6, 11, 10]"
327,"[2, 6, 4, 18]","[9, 16, 14, 15, 6]"
328,"[1, 14, 9, 16]","[10, 11, 20, 19, 1]"
329,"[5, 16, 20]","[15, 16, 14, 11]"
330,"[8, 11, 15, 5, 7]","[4, 19, 1]"
331,"[17, 9, 6, 11]","[15, 2, 7, 18]"
332,"[13, 14, 8]","[13, 18, 12]"
333,"[10, 17, 9, 1, 20]","[1, 17, 13, 2, 19]"
334,"[6, 13, 16, 17, 9]","[17, 6, 20]"
335,"[6, 19, 7]","[1, 13, 8, 11, 12]"
336,"[7, 2, 10]","[4, 13, 18, 14, 5]"
337,"[13, 9, 8]","[12, 9, 5, 8, 4]"
338,"[9, 5, 2, 13]","[8, 16, 7, 6]"
339,"[13, 16, 18]","[7, 12, 8, 1, 10]"
340,"[18, 4, 20, 1, 15]","[8, 1, 5, 12, 7]"
341,"[2, 7, 17, 3]","[3, 7, 5]"
342,"[19, 3, 20]","[17, 9, 20]"
343,"[9, 17, 18]","[5, 15, 20]"
344,"[14, 2, 18, 17, 16]","[12, 17, 19, 10, 8]"
345,"[10, 5, 11, 3]","[14, 17, 11, 3, 15]"
346,"[2, 16, 10, 7, 11]","[16, 5, 15]"
347,"[1, 12, 5, 18]","[10, 11, 7, 4, 13]"
348,"[9, 12, 10, 13]","[11, 12, 14, 1]"
349,"[15, 5, 2, 7]","[14, 2, 10, 11]"
350,"[18, 14, 11]","[12, 11, 17, 16]"
351,"[3, 17, 11]","[17, 18, 6, 2, 12]"
352,"[17, 20, 16, 19]","[4, 13, 2, 12, 11]"
353,"[14, 9, 19]","[19, 1, 6]"
354,"[10, 13, 15, 5]","[13, 18, 7, 8]"
355,"[16, 17, 19, 15]","[8, 14, 9, 5, 7]"
356,"[13, 14, 15, 9]","[18, 20, 17]"
357,"[3, 7, 5, 1]","[12, 20, 13, 4]"
358,"[2, 16, 1]","[17, 7, 5]"
359,"[2, 7, 4, 5, 14]","[16, 14, 18, 10, 19]"
360,"[16, 13, 11, 12, 14]","[8, 6, 15, 2, 5]"
361,"[2, 15, 4, 3]","[13, 2, 18]"
362,"[11, 1, 19]","[3, 4, 14]"
363,"[3, 5, 17, 4]","[10, 1, 2]"
364,"[9, 3, 2, 16, 5]","[13, 10, 5]"
365,"[7, 11, 17, 3]","[20, 4, 9, 2]"
366,"[17, 3, 16, 15]","[16, 13, 5, 17, 10]"
367,"[13, 19, 7, 20]","[19, 18, 3, 1, 17]"
368,"[11, 5, 20]","[14, 17, 18]"
369,"[20, 13, 17, 18]","[19, 18, 9]"
370,"[6, 15, 14]","[20, 10, 8]"
371,"[17, 13, 12]","[6, 8, 16, 18, 2]"
372,"[2, 13, 10]","[6, 2, 12]"
373,"[12, 10, 11, 6, 9]","[4, 10, 1, 19, 13]"
374,"[1, 18, 20, 4, 15]","[4, 15, 13, 20]"
375,"[12, 2, 18]","[19, 15, 17]"
376,"[10, 7, 19, 5, 2]","[2, 20, 14, 11, 4]"
377,"[13, 19, 12]","[6, 7, 9]"
378,"[15, 19, 10, 9, 18]","[4, 11, 2, 3, 7]"
379,"[17, 16, 4, 19]","[7, 15, 2, 20]"
380,"[10, 5, 2]","[4, 15, 10, 17, 9]"
381,"[9, 6, 8, 20, 5]","[10, 9, 3]"
382,"[8, 4, 10, 15, 2]","[17, 8, 6, 5]"
383,"[1, 8, 14, 15]","[6, 12, 5, 1]"
384,"[18, 7, 5, 10, 16]","[17, 7, 9]"
385,"[9, 11, 5]","[3, 14, 13]"
386,"[20, 17, 15, 13, 3]","[4, 20, 19]"
387,"[18, 8, 7, 14]","[4, 1, 14, 3]"
388,"[1, 14, 13, 3]","[4, 19, 14, 8, 17]"
389,"[18, 15, 12, 17]","[2, 4, 15, 16, 19]"
390,"[18, 17, 20, 9, 1]","[5, 20, 9, 15, 1]"
391,"[9, 13, 17, 20]","[3, 15, 6, 14, 2]"
392,"[6, 14, 9, 18]","[2, 16, 3, 19]"
393,"[17, 15, 11, 18]","[8, 11, 19, 18, 20]"
394,"[17, 14, 13]","[10, 6, 8, 19]"
395,"[1, 2, 7, 8, 15]","[1, 13, 9, 20, 2]"
396,"[17, 7, 13, 8]","[17, 8, 6, 15]"
397,"[16, 17, 10]","[13, 7, 20, 16, 11]"
398,"[18, 20, 16, 11]","[19, 3, 20, 5]"
399,"[8, 3, 19, 2, 14]","[1, 4, 18]"
400,"[10, 11, 6, 13]","[20, 2, 13, 14, 10]"
401,"[7, 19, 9, 18]","[4, 1, 10, 14]"
402,"[2, 11, 15, 19]","[1, 8, 11, 15]"
403,"[8, 17, 16, 19]","[15, 17, 3]"
404,"[19, 13, 6]","[15, 9, 10]"
405,"[11, 20, 2, 14]","[19, 5, 8, 12]"
406,"[15, 8, 16]","[20, 18, 8]"
407,"[7, 14, 9, 3]","[18, 6, 8, 16, 4]"
408,"[17, 6, 2, 11, 19]","[11, 8, 5, 12, 2]"
409,"[15, 12, 4, 7]","[9, 19, 8, 13, 17]"
410,"[8, 4, 16]","[19, 18, 14, 6, 20]"
411,"[13, 16, 9, 10, 7]","[16, 3, 1, 11]"
412,"[17, 6, 20]","[13, 11, 2]"
413,"[8, 1, 2, 18, 14]","[17, 13, 8, 18]"
414,"[2, 7, 20, 19]","[13, 14, 11, 16, 10]"
415,"[16, 1, 9, 6, 15]","[2, 4, 11]"
416,"[9, 17, 15, 6, 11]","[12, 10, 6]"
417,"[1, 6, 19, 13]","[7, 4, 1, 8]"
418,"[15, 11, 10, 17]","[19, 6, 4, 11, 8]"
419,"[16, 20, 15, 10, 5]","[20, 10, 7, 19, 2]"
420,"[10, 19, 20]","[19, 8, 7]"
421,"[4, 1, 8, 9]","[8, 9, 1, 16, 18]"
422,"[18, 19, 15, 20, 4]","[12, 18, 2, 6, 9]"
423,"[15, 13, 2]","[10, 1, 9, 18, 20]"
424,"[18, 7, 19, 3, 20]","[19, 3, 18, 11]"
425,"[19, 5, 3, 12, 18]","[6, 5, 1, 9, 2]"
426,"[5, 6, 13, 8]","[19, 7, 6, 9]"
427,"[13, 15, 3, 11, 17]","[20, 16, 4]"
428,"[1, 17, 13, 9, 6]","[19, 11, 6, 12, 13]"
429,"[6, 5, 16, 8]","[11, 10, 9]"
430,"[20, 6, 4]","[5, 2, 20, 6]"
431,"[12, 14, 13, 7, 2]","[15, 16, 19, 13]"
432,"[5, 15, 18, 20]","[15, 12, 8, 6]"
433,"[17, 9, 6, 13, 7]","[11, 17, 20, 5, 8]"
434,"[12, 4, 1]","[11, 7, 2, 18]"
435,"[8, 15, 11, 17]","[12, 20, 18, 6, 7]"
436,"[14, 13, 19, 16]","[17, 13, 18, 7]"
437,"[1, 17, 4]","[8, 6, 12, 10, 5]"
438,"[14, 13, 5]","[1, 5, 6, 4]"
439,"[17, 14, 7]","[14, 20, 2, 6]"
440,"[19, 6, 14]","[10, 13, 17, 7]"
441,"[8, 1, 5]","[14, 15, 12]"
442,"[5, 15, 19]","[12, 20, 4, 8]"
443,"[3, 4, 6, 7]","[1, 9, 7, 5]"
444,"[10, 1, 12, 20, 7]","[20, 12, 4]"
445,"[4, 12, 14, 3, 10]","[9, 20, 17]"
446,"[17, 16, 7, 11, 6]","[8, 4, 20, 7, 11]"
447,"[8, 4, 5, 9, 16]","[17, 11, 19]"
448,"[9, 20, 10, 4, 1]","[20, 13, 16, 5]"
449,"[16, 9, 2, 7]","[6, 2, 14]"
450,"[19, 20, 1, 5, 4]","[2, 13, 10]"
451,"[4, 20, 1]","[19, 1, 15, 3]"
452,"[16, 18, 14]","[13, 5, 17]"
453,"[16, 20, 14, 15, 6]","[17, 15, 8, 14]"
454,"[1, 9, 11, 19]","[3, 17, 8, 10, 20]"
455,"[15, 8, 1]","[3, 20, 4]"
456,"[4, 2, 16, 13]","[7, 17, 2, 4]"
457,"[20, 10, 17]","[4, 16, 2, 1, 19]"
458,"[16, 7, 3, 18]","[18, 17, 14, 15, 12]"
459,"[16, 14, 17]","[6, 17, 19, 13]"
460,"[15, 11, 17, 6]","[18, 2, 13]"
461,"[18, 6, 15, 12, 20]","[7, 3, 9, 10, 15]"
462,"[15, 3, 13]","[12, 7, 10, 2, 3]"
463,"[10, 17, 9, 8]","[10, 3, 19, 13, 5]"
464,"[10, 12, 15, 3, 7]","[16, 7, 5, 18, 19]"
465,"[1, 7, 15, 13]","[20, 15, 3]"
466,"[4, 18, 16]","[20, 14, 9]"
467,"[2, 10, 11, 13]","[17, 4, 8, 7, 19]"
468,"[6, 19, 12, 11]","[8, 17, 1, 3, 15]"
469,"[12, 6, 19, 13, 4]","[3, 14, 1, 9, 17]"
470,"[6, 17, 10, 7]","[18, 13, 4, 19, 9]"
471,"[14, 13, 16, 20]","[10, 3, 14, 4]"
472,"[9, 4, 12]","[7, 18, 8, 9, 2]"
473,"[1, 13, 10, 15]","[14, 2, 8]"
474,"[15, 11, 10, 17]","[10, 6, 20, 18]"
475,"[11, 4, 18, 20]","[19, 7, 1, 10]"
476,"[18, 8, 9]","[12, 13, 17, 18]"
477,"[5, 20, 13]","[13, 4, 19, 20]"
478,"[6, 9, 18, 13, 5]","[14, 17, 19, 5]"
479,"[20, 10, 8, 5, 17]","[6, 17, 20, 7, 18]"
480,"[4, 12, 2, 17]","[8, 6, 7, 18]"
481,"[11, 10, 15, 12, 8]","[10, 6, 8, 19]"
482,"[18, 16, 7]","[20, 11, 2]"
483,"[16, 12, 9]","[12, 14, 6, 19]"
484,"[5, 12, 6, 10]","[2, 14, 1, 13]"
485,"[18, 9, 17, 3, 14]","[3, 9, 15, 17]"
486,"[13, 9, 6, 3, 5]","[5, 10, 13]"
487,"[18, 19, 14, 9]","[7, 20, 14, 8, 18]"
488,"[2, 9, 5, 15]","[7, 4, 1, 14, 3]"
489,"[16, 9, 3]","[11, 3, 16, 1, 17]"
490,"[9, 4, 11, 7, 3]","[9, 12, 11, 19, 13]"
491,"[5, 6, 10, 3]","[12, 9, 19, 4, 11]"
492,"[1, 13, 9, 8, 19]","[8, 10, 16, 12, 1]"
493,"[20, 8, 17, 5]","[5, 17, 14, 15]"
494,"[5, 1, 20]","[11, 15, 5, 9]"
495,"[5, 9, 7, 2, 19]","[9, 8, 14]"
496,"[17, 16, 12, 18, 20]","[15, 14, 5]"
497,"[15, 1, 10, 13, 14]","[14, 17, 11]"
498,"[12, 2, 10, 11, 16]","[3, 16, 20, 11]"
499,"[3, 14, 15, 20, 13]","[18, 19, 14, 13, 10]"
500,"[4, 5, 16, 15, 8]","[5, 8, 3]"
501,"[5, 14, 9, 2]","[8, 13, 7, 11, 5]"
502,"[6, 18, 3, 4]","[17, 4, 12, 10, 13]"
503,"[20, 6, 19]","[5, 13, 4, 19]"
504,"[6, 5, 16, 12, 8]","[15, 4, 14, 16]"
505,"[13, 4, 5, 19]","[12, 9, 20]"
506,"[18, 5, 17]","[2, 13, 6, 15, 12]"
507,"[2, 19, 1, 9, 4]","[2, 6, 4]"
508,"[10, 8, 12]","[18, 1, 16, 2]"
509,"[16, 5, 8, 2]","[6, 11, 4]"
510,"[9, 5, 19, 6]","[14, 15, 20, 3]"
511,"[4, 11, 13, 6]","[19, 6, 2]"
512,"[4, 5, 7, 9]","[7, 16, 1, 18]"
513,"[8, 17, 18, 6]","[4, 13, 7, 6]"
514,"[6, 15, 4, 17]","[5, 8, 14, 19, 20]"
515,"[15, 3, 13, 10]","[13, 4, 16, 12]"
516,"[1, 11, 12, 7, 18]","[2, 20, 6]"
517,"[6, 11, 2, 18, 5]","[16, 2, 10]"
518,"[8, 14, 17, 9, 10]","[10, 13, 14, 3]"
519,"[16, 13, 10]","[13, 18, 8, 2, 3]"
520,"[19, 15, 18, 13, 11]","[6, 1, 16]"
521,"[8, 16, 19, 18]","[1, 13, 16]"
522,"[1, 6, 3, 2]","[9, 12, 7]"
523,"[8, 3, 4, 2, 18]","[12, 6, 17, 3]"
524,"[3, 4, 20, 7, 11]","[5, 1, 11, 19]"
525,"[9, 20, 17]","[8, 10, 7, 13]"
526,"[10, 20, 15, 16, 18]","[11, 12, 13, 2, 1]"
527,"[2, 6, 11, 14]","[5, 14, 4]"
528,"[14, 6, 4, 5, 9]","[18, 9, 12, 15]"
529,"[13, 11, 3, 2]","[6, 13, 2, 9]"
530,"[5, 19, 17, 1]","[8, 14, 17]"
531,"[10, 1, 14]","[9, 7, 10]"
532,"[11, 1, 18, 9, 6]","[4, 13, 16, 14]"
533,"[14, 4, 9]","[20, 6, 8, 3]"
534,"[1, 6, 12, 4, 18]","[13, 10, 7, 11, 15]"
535,"[4, 7, 1]","[6, 7, 20, 8]"
536,"[4, 14, 6, 10]","[13, 2, 8, 14, 1]"
537,"[8, 12, 1, 10, 18]","[19, 4, 15, 11]"
538,"[10, 6, 17, 11]","[9, 3, 18, 4, 1]"
539,"[18, 6, 20, 1, 10]","[13, 3, 5, 10, 6]"
540,"[15, 4, 12, 17]","[16, 13, 3, 20]"
541,"[1, 4, 14, 20]","[13, 8, 1]"
542,"[6, 2, 3]","[8, 12, 7, 2]"
543,"[16, 1, 20, 19, 17]","[6, 15, 17, 19]"
544,"[20, 5, 9, 11]","[18, 14, 1, 4]"
545,"[9, 10, 18, 7, 15]","[3, 16, 7, 4, 19]"
546,"[7, 2, 8, 18, 19]","[9, 14, 18, 5]"
547,"[18, 8, 6, 12, 3]","[11, 12, 7, 18, 10]"
548,"[6, 3, 2, 1, 5]","[1, 7, 5, 4, 11]"
549,"[15, 17, 13, 3]","[19, 20, 5]"
550,"[12, 6, 19, 14]","[4, 3, 11]"
551,"[20, 1, 3, 7, 14]","[8, 2, 20]"
552,"[15, 3, 6, 17, 4]","[11, 2, 3]"
553,"[12, 5, 11, 6, 8]","[17, 3, 16, 13]"
554,"[4, 12, 1]","[20, 17, 15]"
555,"[4, 20, 10, 3]","[1, 10, 2, 20, 6]"
556,"[3, 20, 6, 1]","[13, 4, 14, 11, 19]"
557,"[6, 17, 16, 3]","[14, 3, 7]"
558,"[19, 2, 11, 1]","[19, 9, 13]"
559,"[7, 18, 13]","[9, 5, 17, 13, 19]"
560,"[13, 12, 16, 8]","[5, 18, 17]"
561,"[15, 11, 19]","[2, 17, 5]"
562,"[10, 7, 13, 2]","[6, 15, 7]"
563,"[1, 20, 9]","[10, 3, 17, 19, 12]"
564,"[16, 3, 10, 14, 5]","[6, 17, 14]"
565,"[18, 20, 14, 13, 10]","[4, 19, 17, 1, 2]"
566,"[15, 7, 10, 17]","[13, 7, 6]"
567,"[13, 3, 10, 16, 7]","[5, 8, 4]"
568,"[12, 18, 19, 20, 11]","[20, 10, 9, 13, 14]"
569,"[1, 16, 3, 12]","[17, 8, 16, 4, 11]"
570,"[14, 18, 15, 16, 1]","[13, 12, 5, 16, 11]"
571,"[14, 19, 15, 6]","[13, 11, 15, 5, 20]"
572,"[10, 20, 13]","[12, 20, 11, 4]"
573,"[3, 10, 13]","[4, 8, 19, 18, 20]"
574,"[9, 17, 20, 13, 11]","[17, 7, 19, 3]"
575,"[2, 20, 16, 8]","[12, 6, 3, 13]"
576,"[14, 4, 20]","[16, 12, 7, 1, 17]"
577,"[13, 7, 19, 17, 3]","[20, 14, 19, 8]"
578,"[9, 10, 6]","[7, 18, 2]"
579,"[7, 16, 20]","[2, 5, 6, 7, 1]"
580,"[6, 16, 18, 20]","[5, 9, 14, 3, 18]"
581,"[17, 8, 16]","[16, 18, 1]"
582,"[9, 2, 7, 5]","[4, 13, 3, 15, 6]"
583,"[11, 14, 6, 8]","[12, 1, 6, 10]"
584,"[16, 3, 19, 18]","[2, 8, 9, 4, 11]"
585,"[12, 17, 4]","[13, 15, 8, 18, 20]"
586,"[6, 4, 14, 20, 9]","[15, 8, 7, 4]"
587,"[14, 13, 18, 6, 9]","[13, 18, 7]"
588,"[9, 4, 11, 17]","[20, 9, 11, 12, 19]"
589,"[17, 7, 8, 1]","[18, 10, 7, 11]"
590,"[14, 1, 15, 9]","[20, 2, 11, 8, 15]"
591,"[15, 7, 3, 20]","[4, 17, 19, 5]"
592,"[5, 18, 15]","[14, 2, 18, 11, 1]"
593,"[18, 14, 11, 17]","[9, 3, 19]"
594,"[2, 3, 6, 18, 7]","[10, 3, 1]"
595,"[9, 5, 3, 1]","[15, 14, 1, 3, 5]"
596,"[1, 16, 9]","[8, 9, 4]"
597,"[8, 6, 17, 20, 9]","[3, 9, 6, 2, 5]"
598,"[15, 7, 3]","[4, 1, 16, 17, 19]"
599,"[19, 12, 8, 20]","[11, 7, 6, 17, 1]"
600,"[4, 14, 1, 12, 17]","[19, 14, 2, 18, 16]"
601,"[18, 2, 14, 6]","[4, 6, 18, 3]"
602,"[11, 6, 18, 13, 8]","[20, 15, 18]"
603,"[5, 16, 1, 9, 10]","[11, 17, 15]"
604,"[6, 4, 14, 18]","[1, 8, 7]"
605,"[19, 17, 11]","[5, 1, 11]"
606,"[16, 20, 10, 9]","[14, 10, 19]"
607,"[20, 12, 9, 15, 6]","[4, 2, 16, 6, 7]"
608,"[12, 16, 2, 5, 4]","[8, 16, 10, 19]"
609,"[10, 12, 11]","[17, 13, 14]"
610,"[11, 14, 12]","[5, 13, 2, 1]"
611,"[9, 2, 10, 8, 4]","[19, 16, 15, 14]"
612,"[18, 3, 2, 9]","[11, 17, 8]"
613,"[7, 13, 4]","[14, 3, 18]"
614,"[2, 18, 4]","[3, 10, 8, 11, 15]"
615,"[7, 3, 14, 12]","[1, 17, 6, 3]"
616,"[9, 12, 13]","[15, 4, 10, 20]"
617,"[12, 10, 20, 3, 9]","[13, 12, 9, 11]"
618,"[17, 13, 7]","[18, 16, 6, 11, 14]"
619,"[3, 19, 7, 8]","[14, 7, 17]"
620,"[13, 10, 15]","[4, 13, 15]"
621,"[14, 16, 4]","[14, 5, 17]"
622,"[10, 1, 14]","[6, 7, 1]"
623,"[10, 1, 17]","[17, 1, 8, 10]"
624,"[4, 13, 7]","[4, 20, 12]"
625,"[1, 5, 10, 2, 4]","[4, 11, 9, 12, 17]"
626,"[5, 19, 9]","[11, 1, 19]"
627,"[7, 9, 18, 13, 2]","[9, 8, 13, 18]"
628,"[1, 4, 16]","[6, 17, 13]"
629,"[8, 20, 17, 4]","[1, 15, 12]"
630,"[8, 11, 18, 20]","[20, 17, 16, 4, 5]"
631,"[8, 1, 6, 13]","[9, 14, 7]"
632,"[15, 11, 10]","[5, 6, 12, 2]"
633,"[18, 8, 6, 12, 17]","[9, 12, 20, 4]"
634,"[19, 9, 16]","[7, 14, 1, 12, 20]"
635,"[16, 13, 7]","[3, 2, 1]"
636,"[16, 13, 12, 8, 7]","[4, 3, 9, 1]"
637,"[8, 1, 10, 17, 16]","[17, 12, 6, 2, 14]"
638,"[2, 11, 20, 1, 14]","[18, 1, 12]"
639,"[5, 4, 10, 7, 9]","[13, 14, 8, 11]"
640,"[10, 17, 19, 1]","[9, 11, 12, 17, 18]"
641,"[18, 5, 12, 13, 6]","[1, 18, 8]"
642,"[4, 14, 2, 17, 9]","[14, 20, 6, 13, 15]"
643,"[15, 6, 10, 11, 18]","[20, 3, 19, 15]"
644,"[17, 20, 13]","[1, 13, 14]"
645,"[12, 17, 18]","[8, 18, 1, 7, 17]"
646,"[20, 10, 16, 14]","[2, 19, 5, 4, 20]"
647,"[17, 10, 5, 15]","[18, 9, 16]"
648,"[19, 5, 2, 14, 1]","[11, 2, 14]"
649,"[13, 18, 5]","[1, 7, 16, 20]"
650,"[15, 6, 16, 9, 20]","[7, 11, 2, 6, 17]"
651,"[3, 18, 15, 20, 17]","[16, 18, 13, 14]"
652,"[13, 9, 18]","[1, 6, 17, 20]"
653,"[12, 13, 16, 18, 3]","[20, 2, 16]"
654,"[9, 15, 12]","[6, 5, 10]"
655,"[16, 20, 4, 18, 9]","[12, 13, 14, 17]"
656,"[6, 1, 10, 20, 14]","[15, 17, 8]"
657,"[3, 5, 1, 20]","[6, 17, 4]"
658,"[10, 9, 2, 8]","[8, 15, 13]"
659,"[15, 4, 1]","[20, 11, 3]"
660,"[16, 10, 18]","[1, 13, 6, 15]"
661,"[13, 2, 3, 18, 4]","[5, 11, 19, 10]"
662,"[10, 1, 2, 11]","[1, 10, 2, 6]"
663,"[16, 14, 2, 4]","[11, 4, 9, 16]"
664,"[2, 6, 17, 16]","[19, 20, 18]"
665,"[16, 12, 10]","[13, 14, 6, 11]"
666,"[10, 16, 14, 9, 17]","[4, 6, 7, 20]"
667,"[18, 16, 19, 3]","[18, 5, 11]"
668,"[3, 4, 15, 11]","[10, 18, 12]"
669,"[14, 13, 2, 9]","[10, 7, 3, 12]"
670,"[10, 12, 6, 16, 9]","[2, 12, 11, 5]"
671,"[15, 3, 10, 11]","[15, 10, 1, 20, 9]"
672,"[12, 14, 11, 19]","[14, 13, 1, 8]"
673,"[6, 14, 11, 19]","[4, 11, 17, 1]"
674,"[12, 4, 9, 19, 6]","[6, 7, 17]"
675,"[18, 5, 13, 16, 10]","[16, 18, 1, 14, 17]"
676,"[10, 19, 20, 1, 11]","[10, 3, 7]"
677,"[16, 13, 4, 15]","[13, 5, 4]"
678,"[7, 5, 4]","[20, 11, 15, 18, 14]"
679,"[8, 2, 13]","[3, 4, 6, 13, 16]"
680,"[2, 16, 20, 12, 7]","[20, 15, 7]"
681,"[15, 8, 7]","[18, 14, 17, 19]"
682,"[13, 5, 16]","[2, 4, 12, 15]"
683,"[12, 1, 10, 15, 13]","[5, 7, 1, 2]"
684,"[16, 5, 10, 18, 8]","[19, 3, 18, 14]"
685,"[10, 15, 19, 4]","[20, 13, 3, 10]"
686,"[4, 9, 15]","[20, 1, 6, 15]"
687,"[15, 6, 17, 13, 2]","[1, 18, 7, 2]"
688,"[7, 11, 14, 19]","[6, 5, 17]"
689,"[9, 18, 4, 15]","[18, 17, 12, 15, 11]"
690,"[7, 6, 13]","[5, 11, 3]"
691,"[17, 19, 15, 12]","[15, 4, 18]"
692,"[4, 15, 12, 18]","[12, 8, 19, 10, 6]"
693,"[5, 13, 11, 19, 8]","[3, 8, 9]"
694,"[9, 7, 16, 17, 2]","[12, 7, 16]"
695,"[20, 9, 4]","[9, 3, 8, 19]"
696,"[11, 19, 2, 18, 3]","[17, 4, 7]"
697,"[1, 18, 13, 19, 3]","[6, 8, 11]"
698,"[10, 3, 9, 6]","[18, 17, 13, 16, 19]"
699,"[11, 12, 1, 10, 8]","[17, 12, 7, 8]"
700,"[2, 5, 15, 9, 17]","[13, 18, 10]"
701,"[8, 15, 7, 13]","[13, 19, 12, 8]"
702,"[2, 13, 19]","[20, 14, 13]"
703,"[19, 5, 11, 9]","[12, 1, 8, 17]"
704,"[18, 5, 9]","[1, 8, 16, 4]"
705,"[19, 7, 11]","[5, 10, 12]"
706,"[16, 18, 10, 14, 12]","[14, 2, 16]"
707,"[14, 11, 10, 8]","[16, 15, 14, 1]"
708,"[4, 17, 2]","[17, 1, 13, 9]"
709,"[6, 5, 12, 14, 18]","[19, 16, 10, 9, 11]"
710,"[5, 18, 19, 6, 3]","[6, 4, 2]"
711,"[17, 10, 15, 3, 4]","[17, 1, 11, 5]"
712,"[8, 13, 20]","[11, 20, 9, 7, 10]"
713,"[6, 18, 19, 10]","[14, 12, 7]"
714,"[9, 20, 10, 19, 17]","[3, 6, 18, 9, 7]"
715,"[15, 8, 11, 13]","[8, 2, 9, 18]"
716,"[17, 18, 19, 4]","[16, 17, 18, 13, 2]"
717,"[14, 4, 18]","[13, 16, 19, 7, 9]"
718,"[10, 19, 6]","[12, 13, 2, 14]"
719,"[12, 1, 15]","[4, 3, 2]"
720,"[9, 20, 18]","[11, 10, 4]"
721,"[20, 1, 7, 14, 5]","[10, 9, 11]"
722,"[1, 19, 17, 7, 20]","[15, 11, 19, 3, 12]"
723,"[20, 2, 5, 9]","[10, 15, 16, 4, 19]"
724,"[7, 15, 3, 13, 20]","[19, 8, 1, 12]"
725,"[1, 12, 17, 2]","[3, 4, 2]"
726,"[8, 14, 10, 20, 15]","[15, 17, 8]"
727,"[11, 12, 7, 4]","[6, 17, 13, 15, 12]"
728,"[7, 5, 4, 17, 6]","[13, 1, 5, 19, 18]"
729,"[9, 17, 1, 7]","[17, 14, 7]"
730,"[18, 1, 13]","[8, 17, 7]"
731,"[10, 9, 4, 14]","[2, 10, 11]"
732,"[4, 10, 19, 14]","[20, 10, 16, 17]"
733,"[9, 19, 5]","[16, 1, 12]"
734,"[4, 9, 3, 20, 10]","[2, 10, 15]"
735,"[9, 11, 3, 1]","[18, 20, 1]"
736,"[8, 11, 10]","[16, 13, 20]"
737,"[14, 15, 16, 17, 5]","[13, 11, 20, 19, 16]"
738,"[3, 10, 9]","[14, 19, 1, 13, 15]"
739,"[8, 2, 15]","[9, 12, 14, 18, 8]"
740,"[16, 1, 13]","[1, 6, 12]"
741,"[17, 5, 20, 8, 1]","[17, 5, 18, 13]"
742,"[12, 1, 7, 9, 8]","[8, 14, 18]"
743,"[11, 10, 8, 17]","[10, 15, 17]"
744,"[7, 15, 13, 14, 18]","[5, 2, 19, 10, 6]"
745,"[13, 17, 2, 3, 7]","[9, 12, 20, 6]"
746,"[15, 11, 19]","[7, 6, 12]"
747,"[4, 8, 13, 5]","[19, 5, 15]"
748,"[18, 5, 14]","[13, 6, 2, 9]"
749,"[11, 18, 16, 5]","[15, 10, 11]"
750,"[4, 13, 7]","[4, 6, 9, 16, 13]"
751,"[10, 20, 1, 4]","[5, 7, 12]"
752,"[8, 1, 19, 16]","[15, 19, 13, 11, 3]"
753,"[5, 15, 3, 20, 13]","[16, 3, 2, 14]"
754,"[20, 16, 9, 7, 3]","[13, 18, 11, 1]"
755,"[2, 5, 13, 12]","[6, 10, 4, 19, 13]"
756,"[12, 19, 6, 13, 3]","[9, 17, 15, 18]"
757,"[1, 2, 17, 5, 4]","[8, 5, 6, 19]"
758,"[17, 10, 19, 7, 16]","[6, 10, 17]"
759,"[4, 16, 13]","[11, 12, 3, 19, 16]"
760,"[11, 15, 19, 4, 10]","[10, 6, 2]"
761,"[3, 12, 6]","[19, 15, 17, 4, 16]"
762,"[8, 16, 12, 3, 2]","[13, 11, 8]"
763,"[17, 1, 14, 5]","[18, 7, 8, 20, 17]"
764,"[6, 2, 12]","[20, 15, 2, 7]"
765,"[8, 14, 20, 10]","[6, 3, 12, 13, 10]"
766,"[18, 13, 20, 9, 5]","[5, 19, 18, 7, 4]"
767,"[20, 18, 5, 1]","[19, 14, 6]"
768,"[3, 12, 13, 2, 20]","[3, 12, 6]"
769,"[6, 16, 4]","[1, 15, 12, 20]"
770,"[1, 11, 20, 4]","[17, 2, 10, 9, 4]"
771,"[16, 12, 15]","[2, 18, 13, 16]"
772,"[18, 15, 10, 20, 9]","[20, 3, 12, 6]"
773,"[6, 20, 13, 15]","[19, 4, 3, 5, 17]"
774,"[12, 19, 4, 1]","[17, 5, 16, 1, 3]"
775,"[9, 2, 16, 18, 20]","[12, 14, 20, 2]"
776,"[13, 8, 20, 4, 1]","[1, 11, 6, 5]"
777,"[15, 8, 13, 1, 2]","[8, 7, 10, 16, 4]"
778,"[19, 11, 10]","[16, 1, 8, 17, 9]"
779,"[2, 17, 9, 15]","[2, 12, 8, 20, 9]"
780,"[14, 2, 12]","[11, 16, 1, 10]"
781,"[7, 3, 2, 1, 9]","[10, 14, 11, 20, 12]"
782,"[17, 19, 9]","[19, 8, 20, 5]"
783,"[10, 8, 11, 15, 9]","[15, 18, 9, 10, 19]"
784,"[15, 1, 2]","[2, 9, 20, 6, 4]"
785,"[20, 7, 13, 3]","[17, 7, 4]"
786,"[8, 9, 19, 15, 14]","[10, 14, 12, 13]"
787,"[14, 2, 10]","[16, 5, 19]"
788,"[9, 18, 5]","[19, 5, 17]"
789,"[12, 15, 11]","[6, 5, 14, 19, 9]"
790,"[3, 6, 15]","[9, 14, 13, 16, 7]"
791,"[13, 6, 19]","[16, 6, 3]"
792,"[16, 3, 8, 7, 10]","[4, 18, 2, 13]"
793,"[12, 17, 5, 13, 19]","[6, 9, 11, 1]"
794,"[20, 19, 7, 11, 1]","[16, 15, 13, 17, 9]"
795,"[19, 10, 17, 11, 20]","[16, 1, 15]"
796,"[18, 9, 8, 14]","[11, 4, 16, 1]"
797,"[18, 17, 12]","[13, 1, 3, 17]"
798,"[11, 3, 12, 5, 10]","[8, 19, 15]"
799,"[7, 3, 5, 10, 9]","[18, 8, 3]"
800,"[12, 9, 8, 16, 17]","[1, 12, 7, 20, 18]"
801,"[1, 9, 16]","[19, 20, 9, 3, 18]"
802,"[8, 20, 17, 16]","[5, 12, 18, 8]"
803,"[19, 14, 11]","[10, 20, 19]"
804,"[12, 1, 6, 17]","[7, 8, 20]"
805,"[11, 1, 15, 13, 20]","[8, 4, 10, 20, 2]"
806,"[7, 17, 13, 18, 5]","[9, 17, 15, 19]"
807,"[14, 9, 20, 17]","[18, 20, 15, 13]"
808,"[15, 14, 13, 5, 9]","[15, 13, 1]"
809,"[1, 8, 5, 18, 20]","[18, 10, 12, 4, 13]"
810,"[16, 18, 2, 15, 9]","[3, 19, 15, 18, 12]"
811,"[13, 5, 1, 15, 16]","[12, 10, 14]"
812,"[15, 2, 4, 7]","[8, 10, 5, 20, 2]"
813,"[11, 5, 3, 16, 9]","[12, 6, 1]"
814,"[7, 12, 15, 16, 8]","[3, 18, 1]"
815,"[1, 9, 8, 2]","[15, 10, 20, 2]"
816,"[9, 11, 12, 17, 5]","[12, 10, 7, 13, 19]"
817,"[8, 17, 14, 16, 10]","[13, 7, 14, 16]"
818,"[17, 6, 13, 15]","[2, 7, 20]"
819,"[9, 8, 19, 11]","[20, 5, 8, 18]"
820,"[20, 11, 9, 1, 15]","[14, 10, 17]"
821,"[12, 13, 1, 10, 6]","[14, 4, 16, 18, 13]"
822,"[4, 12, 10]","[3, 9, 11, 20, 13]"
823,"[7, 12, 14]","[12, 4, 16, 20, 2]"
824,"[15, 18, 16, 6, 5]","[6, 4, 1, 13]"
825,"[18, 20, 5]","[14, 15, 5]"
826,"[8, 13, 18, 10]","[15, 14, 6, 11, 20]"
827,"[10, 7, 17, 8, 12]","[17, 9, 5, 11, 13]"
828,"[5, 18, 13]","[9, 13, 12, 10, 5]"
829,"[12, 1, 17, 14]","[16, 20, 17, 10]"
830,"[5, 17, 13, 15, 9]","[14, 13, 17]"
831,"[13, 2, 12, 20]","[14, 4, 8, 18, 10]"
832,"[17, 4, 1, 10, 14]","[4, 11, 3]"
833,"[13, 8, 1, 9]","[7, 19, 15, 18, 17]"
834,"[18, 17, 13, 10, 5]","[16, 8, 14, 1]"
835,"[4, 19, 9]","[8, 6, 1]"
836,"[20, 18, 13, 4, 5]","[1, 8, 20]"
837,"[13, 12, 2, 19]","[6, 5, 20]"
838,"[7, 18, 17, 2, 10]","[5, 6, 19, 16, 17]"
839,"[18, 17, 5]","[9, 1, 20, 12, 19]"
840,"[16, 10, 20, 3]","[2, 14, 11, 12, 13]"
841,"[3, 15, 5, 19]","[12, 15, 18]"
842,"[12, 19, 11, 8]","[20, 9, 6]"
843,"[5, 9, 4]","[19, 20, 12, 8, 6]"
844,"[15, 12, 20, 9, 18]","[15, 17, 12, 14]"
845,"[8, 3, 6, 15]","[13, 17, 10, 14, 6]"
846,"[11, 7, 13]","[5, 17, 8, 2]"
847,"[4, 3, 7]","[11, 14, 13, 15, 8]"
848,"[19, 5, 8, 18]","[20, 15, 13]"
849,"[12, 7, 17, 4]","[20, 8, 15, 3, 12]"
850,"[19, 9, 1]","[1, 19, 17, 11, 6]"
851,"[19, 6, 14, 1]","[12, 14, 16, 13]"
852,"[5, 18, 15, 12]","[12, 2, 17, 1, 3]"
853,"[5, 1, 20, 11]","[15, 7, 12]"
854,"[19, 5, 15, 10, 9]","[13, 6, 15, 9, 16]"
855,"[14, 11, 18]","[20, 16, 12]"
856,"[17, 3, 20, 11, 5]","[15, 14, 10, 11]"
857,"[19, 18, 16, 14]","[2, 9, 12, 11]"
858,"[10, 2, 9]","[4, 3, 16, 7, 17]"
859,"[13, 8, 7]","[4, 18, 17]"
860,"[12, 9, 3]","[12, 18, 20]"
861,"[19, 1, 10]","[15, 18, 9, 12, 20]"
862,"[20, 12, 8, 2]","[10, 7, 8, 13]"
863,"[4, 13, 7]","[11, 9, 17]"
864,"[3, 15, 14, 10]","[20, 12, 11, 17, 1]"
865,"[7, 1, 12]","[3, 16, 10, 7]"
866,"[17, 10, 4, 1]","[20, 8, 10, 11, 6]"
867,"[15, 8, 6]","[3, 17, 1]"
868,"[17, 1, 3, 9]","[17, 10, 1]"
869,"[14, 3, 6]","[17, 8, 6]"
870,"[1, 18, 17, 20]","[13, 12, 3, 5, 4]"
871,"[16, 17, 4]","[11, 6, 5]"
872,"[1, 6, 8, 20, 7]","[2, 11, 3]"
873,"[8, 18, 12]","[18, 2, 10, 4]"
874,"[11, 19, 5, 3]","[5, 19, 17, 3]"
875,"[7, 3, 15, 18, 5]","[19, 15, 20, 2, 3]"
876,"[13, 7, 8]","[17, 13, 9, 1]"
877,"[5, 13, 9, 14, 11]","[2, 16, 5, 1]"
878,"[17, 19, 4, 6]","[7, 20, 12, 8, 1]"
879,"[6, 9, 4]","[16, 8, 13]"
880,"[11, 8, 17, 20]","[13, 1, 6, 7, 9]"
881,"[17, 10, 11, 16]","[5, 12, 18]"
882,"[16, 14, 3, 7, 19]","[16, 12, 20, 5]"
883,"[8, 5, 14, 4, 1]","[11, 3, 2, 17, 13]"
884,"[13, 8, 18]","[18, 20, 6, 14]"
885,"[9, 8, 4, 3]","[1, 17, 16, 11, 10]"
886,"[9, 18, 7]","[13, 1, 9]"
887,"[15, 11, 8]","[6, 2, 14]"
888,"[20, 18, 4, 5]","[11, 20, 12, 19, 18]"
889,"[9, 15, 20]","[4, 11, 20]"
890,"[13, 15, 14]","[5, 13, 4, 19]"
891,"[7, 10, 15, 2, 16]","[10, 7, 19, 5, 16]"
892,"[20, 13, 9, 2, 19]","[7, 5, 9]"
893,"[11, 15, 19, 14, 12]","[16, 7, 15, 5]"
894,"[4, 11, 1, 6, 8]","[10, 11, 16, 17]"
895,"[19, 15, 5, 6]","[14, 16, 18, 3, 19]"
896,"[3, 7, 18]","[19, 7, 10, 16]"
897,"[17, 11, 13, 7, 4]","[13, 2, 14, 10, 19]"
898,"[20, 16, 7, 4]","[10, 11, 3, 9]"
899,"[2, 5, 12, 14, 6]","[6, 15, 11, 17, 14]"
900,"[19, 16, 12, 1]","[9, 7, 18, 11]"
901,"[8, 9, 3, 5, 10]","[15, 10, 16, 4, 7]"
902,"[12, 9, 10, 8, 15]","[12, 7, 18, 11, 20]"
903,"[15, 18, 12, 19]","[10, 18, 6]"
904,"[4, 8, 14, 5, 1]","[11, 18, 20, 5, 14]"
905,"[12, 9, 13, 15, 3]","[16, 13, 1, 18]"
906,"[9, 1, 3]","[3, 17, 19]"
907,"[20, 5, 3, 1]","[20, 18, 7, 10]"
908,"[15, 19, 7, 20, 11]","[20, 5, 17, 9, 8]"
909,"[7, 19, 11, 3, 20]","[20, 2, 1]"
910,"[3, 14, 20]","[11, 12, 10]"
911,"[4, 15, 11, 2]","[5, 16, 1, 19]"
912,"[7, 10, 14, 5]","[15, 16, 12, 9]"
913,"[11, 14, 9, 13, 10]","[4, 5, 11, 20]"
914,"[19, 8, 2]","[14, 9, 2, 12]"
915,"[13, 5, 14]","[10, 8, 13, 20, 5]"
916,"[4, 3, 15]","[18, 16, 2]"
917,"[15, 19, 9, 7, 6]","[4, 12, 15, 14]"
918,"[2, 3, 10]","[6, 5, 18]"
919,"[1, 5, 7, 6, 9]","[15, 13, 1, 7]"
920,"[20, 9, 8, 11, 18]","[1, 11, 17, 20, 9]"
921,"[5, 10, 20, 9, 4]","[19, 7, 14, 1, 16]"
922,"[15, 6, 4, 8, 13]","[18, 16, 6, 12]"
923,"[13, 10, 16, 6]","[14, 8, 16, 11]"
924,"[9, 12, 11]","[4, 9, 20]"
925,"[12, 2, 11, 6, 17]","[13, 16, 1]"
926,"[20, 10, 8, 2, 15]","[12, 17, 5, 6, 10]"
927,"[19, 3, 11]","[11, 8, 10, 13]"
928,"[10, 1, 12, 14, 17]","[16, 10, 14, 13]"
929,"[16, 12, 9, 7, 5]","[4, 14, 7, 19, 2]"
930,"[10, 4, 1, 13]","[11, 15, 8, 19, 6]"
931,"[8, 13, 10, 15]","[1, 17, 3, 7, 15]"
932,"[7, 4, 14, 18]","[7, 4, 14]"
933,"[7, 20, 2, 9]","[1, 8, 18, 2]"
934,"[2, 5, 1]","[17, 8, 5, 16, 18]"
935,"[1, 5, 12, 16]","[6, 1, 12]"
936,"[7, 18, 13, 15]","[8, 17, 16]"
937,"[12, 9, 5, 14, 3]","[4, 10, 17, 13]"
938,"[12, 15, 2, 8, 20]","[4, 14, 10, 5]"
939,"[8, 9, 7, 13]","[13, 10, 9, 18]"
940,"[7, 5, 13, 15]","[18, 3, 4, 9, 8]"
941,"[5, 13, 11]","[7, 12, 20]"
942,"[16, 15, 4, 14, 7]","[2, 5, 8]"
943,"[11, 12, 10]","[8, 3, 18, 9]"
944,"[15, 17, 16]","[4, 7, 11]"
945,"[9, 12, 4]","[13, 16, 2]"
946,"[12, 11, 6, 10, 14]","[8, 19, 5, 20]"
947,"[5, 20, 3, 19, 13]","[19, 7, 17, 9, 16]"
948,"[9, 14, 16, 12]","[13, 10, 2, 17, 11]"
949,"[16, 11, 7, 17]","[20, 18, 16, 2]"
950,"[13, 2, 8, 5]","[5, 9, 19]"
951,"[9, 12, 10]","[7, 1, 12, 6, 14]"
952,"[2, 12, 7, 1, 20]","[8, 6, 13, 2, 5]"
953,"[2, 10, 19, 15, 3]","[18, 11, 3, 4, 7]"
954,"[2, 7, 15]","[7, 2, 4, 15]"
955,"[2, 20, 13, 17, 6]","[1, 16, 18]"
956,"[5, 12, 4, 8]","[20, 1, 3]"
957,"[11, 19, 5, 16, 3]","[7, 14, 1, 19, 8]"
958,"[17, 13, 9]","[13, 16, 6, 3, 20]"
959,"[18, 13, 1, 3]","[14, 4, 1]"
960,"[19, 2, 10, 8, 11]","[20, 16, 17, 9, 3]"
961,"[14, 11, 19, 1, 13]","[2, 14, 10, 12]"
962,"[16, 15, 18]","[1, 13, 18, 5]"
963,"[9, 7, 3, 17, 4]","[13, 3, 14, 9, 4]"
964,"[12, 13, 4]","[12, 20, 16, 14, 5]"
965,"[12, 5, 6, 20, 18]","[4, 3, 13, 10]"
966,"[4, 19, 14, 18]","[16, 2, 20, 12, 3]"
967,"[4, 7, 5, 11, 16]","[16, 6, 8, 17, 1]"
968,"[5, 2, 6, 9, 13]","[11, 15, 10]"
969,"[12, 20, 5]","[17, 20, 8]"
970,"[8, 4, 9, 15]","[2, 10, 16, 13]"
971,"[9, 1, 15, 2]","[12, 9, 1, 7]"
972,"[19, 11, 13]","[16, 13, 20, 10, 15]"
973,"[5, 15, 8, 12, 1]","[20, 15, 8, 1]"
974,"[10, 7, 9, 14, 5]","[16, 14, 15, 10, 11]"
975,"[3, 17, 8, 15, 7]","[5, 2, 17]"
976,"[3, 12, 1, 6, 17]","[6, 5, 1, 15, 19]"
977,"[2, 13, 9]","[12, 17, 1, 5, 11]"
978,"[18, 11, 13, 8]","[20, 16, 7, 5, 15]"
979,"[1, 14, 8, 19, 6]","[12, 3, 16]"
980,"[20, 11, 10]","[6, 7, 1]"
981,"[11, 12, 6, 14, 5]","[15, 17, 5, 12]"
982,"[11, 16, 10, 14, 20]","[3, 18, 15]"
983,"[12, 13, 4, 5, 17]","[14, 5, 20, 2]"
984,"[7, 5, 12]","[4, 17, 3, 11]"
985,"[1, 19, 2]","[9, 18, 1]"
986,"[3, 20, 14]","[11, 15, 17, 14, 10]"
987,"[1, 10, 14, 12, 2]","[13, 14, 17, 15, 8]"
988,"[5, 2, 9]","[19, 20, 7]"
989,"[8, 13, 2, 7, 9]","[19, 14, 10, 20, 13]"
990,"[20, 10, 14, 5, 2]","[19, 12, 10]"
991,"[18, 7, 3, 15, 13]","[18, 7, 5]"
992,"[15, 13, 8, 11, 1]","[20, 18, 5]"
993,"[9, 15, 20]","[11, 14, 8]"
994,"[18, 4, 12, 16]","[13, 9, 8, 4]"
995,"[19, 18, 11, 4]","[16, 15, 7, 11]"
996,"[3, 10, 11, 8, 1]","[3, 1, 13, 7, 8]"
997,"[18, 15, 12, 3, 9]","[14, 18, 12]"
998,"[1, 5, 18]","[7, 8, 10, 16, 3]"
999,"[2, 11, 9, 5]","[5, 9, 14, 18, 20]"
1000,"[5, 8, 13]","[3, 13, 14, 1, 5]"
